<?xml version="1.0" encoding="UTF-8"?>

<settings>
  <setting channel="7" note="10" command_string="ResetLast"/>
  <setting channel="7" note="7" command_string="Prev"/>
  <setting channel="7" note="13" command_string="Next"/>
  <setting channel="7" note="5" command_string="SetRating0"/>
  <setting channel="7" note="8" command_string="SetRating1"/>
  <setting channel="7" note="11" command_string="SetRating2"/>
  <setting channel="7" note="6" command_string="SetRating3"/>
  <setting channel="7" note="9" command_string="SetRating4"/>
  <setting channel="7" note="12" command_string="SetRating5"/>
  <setting channel="7" note="14" command_string="profile26"/>
  <setting channel="7" controller="21" command_string="Temperature"/>
  <setting channel="7" controller="26" command_string="Tint"/>
  <setting channel="7" controller="22" command_string="Exposure"/>
  <setting channel="7" controller="23" command_string="Highlights"/>
  <setting channel="7" controller="25" command_string="Whites"/>
  <setting channel="7" controller="30" command_string="Blacks"/>
  <setting channel="7" controller="31" command_string="ChangeBrushSize"/>
  <setting channel="7" note="1" command_string="WhiteBalanceAs_Shot"/>
  <setting channel="7" controller="27" command_string="Contrast"/>
  <setting channel="7" note="2" command_string="QuickDevWBAuto"/>
  <setting channel="7" controller="28" command_string="Shadows"/>
  <setting channel="7" note="3" command_string="AutoTone"/>
  <setting channel="7" note="4" command_string="profile2"/>
</settings>
