<?xml version="1.0" encoding="UTF-8"?>

<settings>
  <setting channel="7" controller="30" command_string="HueAdjustmentMagenta"/>
  <setting channel="7" controller="25" command_string="HueAdjustmentPurple"/>
  <setting channel="7" controller="28" command_string="HueAdjustmentBlue"/>
  <setting channel="7" controller="23" command_string="HueAdjustmentAqua"/>
  <setting channel="7" controller="27" command_string="HueAdjustmentGreen"/>
  <setting channel="7" controller="22" command_string="HueAdjustmentYellow"/>
  <setting channel="7" controller="26" command_string="HueAdjustmentOrange"/>
  <setting channel="7" controller="31" command_string="ChangeBrushSize"/>
  <setting channel="7" note="1" command_string="profile3"/>
  <setting channel="7" controller="21" command_string="HueAdjustmentRed"/>
  <setting channel="7" note="14" command_string="profile26"/>
  <setting channel="7" note="12" command_string="SetRating5"/>
  <setting channel="7" note="9" command_string="SetRating4"/>
  <setting channel="7" note="6" command_string="SetRating3"/>
  <setting channel="7" note="11" command_string="SetRating2"/>
  <setting channel="7" note="8" command_string="SetRating1"/>
  <setting channel="7" note="5" command_string="SetRating0"/>
  <setting channel="7" note="13" command_string="Next"/>
  <setting channel="7" note="7" command_string="Prev"/>
  <setting channel="7" note="10" command_string="ResetLast"/>
  <setting channel="7" note="4" command_string="EnableColorAdjustments"/>
  <setting channel="7" note="2" command_string="profile4"/>
  <setting channel="7" note="3" command_string="profile5"/>
</settings>
