<?xml version="1.0" encoding="UTF-8"?>

<settings>
  <setting channel="7" controller="30" command_string="ChangeFeatherSize"/>
  <setting channel="7" note="5" command_string="profile1"/>
  <setting channel="7" note="6" command_string="ActionSeries1"/>
  <setting channel="7" note="8" command_string="profile2"/>
  <setting channel="7" note="9" command_string="profile7"/>
  <setting channel="7" note="10" command_string="profile10"/>
  <setting channel="7" note="11" command_string="profile3"/>
  <setting channel="7" note="12" command_string="profile8"/>
  <setting channel="7" note="14" command_string="Unassigned"/>
  <setting channel="7" controller="21" command_string="Unassigned"/>
  <setting channel="7" controller="31" command_string="ChangeBrushSize"/>
  <setting channel="7" note="1" command_string="SwToMlibrary"/>
  <setting channel="7" controller="26" command_string="Unassigned"/>
  <setting channel="7" controller="22" command_string="Unassigned"/>
  <setting channel="7" controller="27" command_string="Unassigned"/>
  <setting channel="7" controller="23" command_string="Unassigned"/>
  <setting channel="7" controller="28" command_string="Unassigned"/>
  <setting channel="7" controller="25" command_string="Unassigned"/>
  <setting channel="7" note="2" command_string="SwToMdevelop"/>
  <setting channel="7" note="3" command_string="Key2"/>
  <setting channel="7" note="4" command_string="VirtualCopy"/>
  <setting channel="7" note="7" command_string="profile9"/>
  <setting channel="7" note="13" command_string="profile11"/>
</settings>
