<?xml version="1.0" encoding="UTF-8"?>

<settings>
  <setting channel="7" note="10" command_string="ResetLast"/>
  <setting channel="7" note="7" command_string="Prev"/>
  <setting channel="7" note="13" command_string="Next"/>
  <setting channel="7" note="14" command_string="profile26"/>
  <setting channel="7" controller="21" command_string="Texture"/>
  <setting channel="7" controller="31" command_string="Dehaze"/>
  <setting channel="7" note="1" command_string="PointCurveLinear"/>
  <setting channel="7" note="5" command_string="Pick"/>
  <setting channel="7" note="8" command_string="Reject"/>
  <setting channel="7" note="11" command_string="RemoveFlag"/>
  <setting channel="7" note="6" command_string="ToggleGreen"/>
  <setting channel="7" note="9" command_string="ColorLabelNone"/>
  <setting channel="7" note="12" command_string="ToggleRed"/>
  <setting channel="7" controller="26" command_string="Clarity"/>
  <setting channel="7" controller="22" command_string="Vibrance"/>
  <setting channel="7" controller="27" command_string="Saturation"/>
  <setting channel="7" controller="28" command_string="ParametricLights"/>
  <setting channel="7" controller="23" command_string="ParametricHighlights"/>
  <setting channel="7" controller="25" command_string="ParametricDarks"/>
  <setting channel="7" controller="30" command_string="ParametricShadows"/>
  <setting channel="7" note="2" command_string="PointCurveMediumContrast"/>
  <setting channel="7" note="3" command_string="PointCurveStrongContrast"/>
  <setting channel="7" note="4" command_string="profile1"/>
</settings>
